trial,object,target,instruction,phrase_type,object_start_x,object_start_y,object_start_z,target_start_x,target_start_y,target_start_z,shoulder_pan_start,shoulder_lift_start,elbow_start,wrist_pitch_start,grounding_success,grounding_correct,perceived_x,perceived_y,perceived_z,manipulation_x,manipulation_y,manipulation_z,true_x,true_y,true_z,grounding_error_x_m,grounding_error_y_m,grounding_error_z_m,grounding_xy_error_m,grounding_localisation_error_m,plan_feasible,planning_correct,planned_object,planned_target,planned_actions,search_success,approach_success,reach_success,execution_attempted,manipulation_attempted,grasp_success,grasp_attempts,grasp_recovery_used,move_success,place_success,placement_error_m,manipulation_success,end_to_end_success,failure_stage,failure_reason,grounding_time_s,planning_time_s,execution_time_s,total_time_s,task2_calls,task3_calls
1,stone,red_area,Move the grey one to the red area.,colour,0.26232266051593006,-0.19628723346805224,0.03803800000000006,0.2414450289146275,0.19230833754854154,0.001,-0.007827124217997673,0.006734779504138706,0.027669813116919725,-0.0058824239834943635,True,True,0.27620083198240486,-0.18886472537438861,0.07470600605010991,0.27620083198240486,-0.18886472537438861,0.04,0.26232266051593006,-0.19628723346805224,0.03803800000000006,0.013878171466474798,0.007422508093663627,0.03666800605010985,0.01573840111489656,0.039902881316319375,True,True,stone,red_area,"[{'skill': 'SEARCH', 'target': 'stone'}, {'skill': 'APPROACH', 'target': 'stone'}, {'skill': 'REACH', 'target': 'stone'}, {'skill': 'GRASP', 'target': 'stone'}, {'skill': 'MOVE_TO', 'target': 'red_area'}, {'skill': 'PLACE', 'object': 'stone', 'target': 'red_area'}]",True,True,False,True,True,False,0,False,False,False,,False,False,REACH,Object remains too far from grasp centre,1.3319347000215203,4.571402200032026,13.421031299978495,18.932545399991795,1,1
2,cylinder,red_area,Move the green one to the red area.,colour,0.31222010806899414,0.10483123078670692,0.04925256214398809,0.25602670015043416,0.19440297844882737,0.001,0.010935208772240343,-0.02576852700069024,0.007228536279195161,0.008569118857305786,True,True,0.32306775015104083,0.07684382849751062,0.047349162727811034,0.32306775015104083,0.07684382849751062,0.05,0.31222010806899414,0.10483123078669929,0.04925256214398809,0.010847642082046693,-0.027987402289188668,-0.0019033994161770582,0.0300160961092057,0.03007638533757966,True,True,cylinder,red_area,"[{'skill': 'SEARCH', 'target': 'cylinder'}, {'skill': 'APPROACH', 'target': 'cylinder'}, {'skill': 'REACH', 'target': 'cylinder'}, {'skill': 'GRASP', 'target': 'cylinder'}, {'skill': 'MOVE_TO', 'target': 'red_area'}, {'skill': 'PLACE', 'object': 'cylinder', 'target': 'red_area'}]",True,True,True,True,True,False,3,True,False,False,,False,False,GRASP_RECOVERY,Grasp of cylinder failed after 3 attempts. Last failure: No stable multi-finger capture detected,2.61663920013234,2.910460399929434,43.26254659995902,46.63522129994817,2,1
3,cylinder,red_area,Can you put the green thing on the red spot?,informal,0.28944755727557003,0.09816250909701071,0.049252562143988085,0.2513567812319952,0.21618078798255275,0.001,0.014870121433368036,0.010462130312281603,0.026119861066482758,0.01691500326649276,True,True,0.30375928533217295,0.07229426371905984,0.059109787000950986,0.30375928533217295,0.07229426371905984,0.05,0.28944755727557003,0.09816250909699606,0.049252562143988085,0.014311728056602913,-0.025868245377936222,0.009857224856962901,0.029563350265138653,0.03116338493777595,True,True,cylinder,red_area,"[{'skill': 'SEARCH', 'target': 'cylinder'}, {'skill': 'APPROACH', 'target': 'cylinder'}, {'skill': 'REACH', 'target': 'cylinder'}, {'skill': 'GRASP', 'target': 'cylinder'}, {'skill': 'MOVE_TO', 'target': 'red_area'}, {'skill': 'PLACE', 'object': 'cylinder', 'target': 'red_area'}]",True,True,True,True,True,False,3,True,False,False,,False,False,GRASP_RECOVERY,Unable to reach cylinder for grasp,2.3415593000827357,2.9669698999496177,25.03167229995597,28.553069100016728,2,1
4,box,red_area,Take the blue object and move it to the red zone.,paraphrase,0.29530094005030816,-0.08977042309120414,0.029362823783124485,0.2496424541379685,0.21515201355531285,0.001,0.020865115283497063,0.021378011972727887,0.028196310448728987,-0.006500813735676228,True,True,0.2895731696431044,-0.08503955357101428,0.059362936019897505,0.2895731696431044,-0.08503955357101428,0.03,0.29530094005030816,-0.08977042309120414,0.029362823783124485,-0.005727770407203736,0.004730869520189862,0.03000011223677302,0.007428894955153176,0.030906232615342793,True,True,box,red_area,"[{'skill': 'SEARCH', 'target': 'box'}, {'skill': 'APPROACH', 'target': 'box'}, {'skill': 'REACH', 'target': 'box'}, {'skill': 'GRASP', 'target': 'box'}, {'skill': 'MOVE_TO', 'target': 'red_area'}, {'skill': 'PLACE', 'object': 'box', 'target': 'red_area'}]",True,True,True,True,True,True,1,False,True,True,0.012283910920001537,True,True,,,1.2382222999585792,4.1654784000711516,26.078494400018826,30.74905859993305,1,1
5,box,red_area,Move the blue one to the red area.,colour,0.3148781837315921,-0.07067519032633832,0.02936282378312449,0.2279792616587117,0.1813686125614127,0.001,-0.01020635906617513,-0.038927322996529096,0.003693639342906299,-0.006936786047471251,False,False,,,,,,,,,,,,,,,False,False,,,"[{'skill': 'STOP', 'reason': 'there is no blue object in the scene; the only objects are green (cylinder), gray (stone), and red (red_area), with no blue object present'}]",False,False,False,False,False,False,0,False,False,False,,False,False,PLANNING,"there is no blue object in the scene; the only objects are green (cylinder), gray (stone), and red (red_area), with no blue object present",0.0,3.660851900000125,,4.081309100030921,0,1
6,stone,red_area,Put the stone in the red area.,direct,0.29828895347676,-0.159802972540162,0.03803800000000006,0.26748125317595345,0.22379891184512685,0.001,-0.0391701434583718,0.0065951409816485465,0.023322914774423623,0.015330306214507244,True,True,0.31442084800496445,-0.15083544550269049,0.07329015731811528,0.31442084800496445,-0.15083544550269049,0.04,0.29828895347676,-0.159802972540162,0.03803800000000006,0.01613189452820446,0.008967527037471529,0.03525215731811522,0.018456829690846038,0.039791571441927756,True,True,stone,red_area,"[{'skill': 'SEARCH', 'target': 'stone'}, {'skill': 'APPROACH', 'target': 'stone'}, {'skill': 'REACH', 'target': 'stone'}, {'skill': 'GRASP', 'target': 'stone'}, {'skill': 'MOVE_TO', 'target': 'red_area'}, {'skill': 'PLACE', 'object': 'stone', 'target': 'red_area'}]",True,True,False,True,True,False,0,False,False,False,,False,False,REACH,Object remains too far from grasp centre,1.7338797999545932,2.6427564000478014,12.285692999954335,15.442397300037555,1,1
7,box,red_area,Can you put the blue block on the red spot?,informal,0.3335844723712961,-0.06449891791868911,0.02936282378312449,0.27342625111092733,0.19988071366696816,0.001,0.03256125350334687,-0.035899263975611814,0.01975387667264726,-0.019350306401882875,True,True,0.33135629464301086,-0.06265573660677867,0.059362936019897505,0.33135629464301086,-0.06265573660677867,0.03,0.3335844723712961,-0.06449891791868911,0.02936282378312449,-0.0022281777282852633,0.0018431813119104412,0.030000112236773017,0.002891728434241772,0.03013915771146202,True,True,box,red_area,"[{'skill': 'SEARCH', 'target': 'box'}, {'skill': 'APPROACH', 'target': 'box'}, {'skill': 'REACH', 'target': 'box'}, {'skill': 'GRASP', 'target': 'box'}, {'skill': 'MOVE_TO', 'target': 'red_area'}, {'skill': 'PLACE', 'object': 'box', 'target': 'red_area'}]",True,True,True,True,True,True,1,False,True,True,0.0013003232123488771,True,True,,,1.153671900043264,3.885261600022204,28.196711700060405,32.621885500033386,1,1
8,box,red_area,Move the blue one to the red area.,colour,0.3037098844564148,-0.09181787877139858,0.029362823783124485,0.2424895943640892,0.19886901723067352,0.001,-0.035806173659236384,0.016534708901774768,0.003234796658166443,0.013904048913381647,True,True,0.3015112053573634,-0.09100857142814375,0.059362936019897505,0.3015112053573634,-0.09100857142814375,0.03,0.3037098844564148,-0.09181787877139858,0.029362823783124485,-0.0021986790990513594,0.0008093073432548226,0.03000011223677302,0.0023428973849598015,0.03009145896056603,True,True,box,red_area,"[{'skill': 'SEARCH', 'target': 'box'}, {'skill': 'APPROACH', 'target': 'box'}, {'skill': 'REACH', 'target': 'box'}, {'skill': 'GRASP', 'target': 'box'}, {'skill': 'MOVE_TO', 'target': 'red_area'}, {'skill': 'PLACE', 'object': 'box', 'target': 'red_area'}]",True,True,True,True,True,True,1,False,True,True,0.012398511302788344,True,True,,,2.066296000033617,3.6537626999197528,27.127801700029522,31.30758609995246,1,1
9,box,red_area,Put the box in the red area.,direct,0.3132183461954423,-0.08880307381541405,0.029362823783124485,0.26936217812245133,0.21423342733600195,0.001,0.02546379455851302,-0.02690100589939793,-0.014337235048495947,0.0036881198144908083,True,True,0.3059879687502105,-0.08056279017816714,0.059362936019897505,0.3059879687502105,-0.08056279017816714,0.03,0.3132183461954423,-0.08880307381541405,0.029362823783124485,-0.007230377445231806,0.008240283637246909,0.03000011223677302,0.010962692754191188,0.03194037204920717,True,True,box,red_area,"[{'skill': 'SEARCH', 'target': 'box'}, {'skill': 'APPROACH', 'target': 'box'}, {'skill': 'REACH', 'target': 'box'}, {'skill': 'GRASP', 'target': 'box'}, {'skill': 'MOVE_TO', 'target': 'red_area'}, {'skill': 'PLACE', 'object': 'box', 'target': 'red_area'}]",True,True,True,True,True,True,1,False,True,True,0.004764804579046502,True,True,,,1.7736029999796301,3.3692283000564203,26.786187499994412,30.537431700038724,1,1
10,stone,red_area,Place the rock on the red target.,paraphrase,0.2624360299601329,-0.19651400011657677,0.03803800000000006,0.22628791332999554,0.1965353281796105,0.001,-0.019364230495605837,0.013638715648117465,0.008780736504839425,-0.0076249096444781055,True,True,0.27173923988395193,-0.18010970600056478,0.07432191371917729,0.27173923988395193,-0.18010970600056478,0.04,0.2624360299601329,-0.19651400011657677,0.03803800000000006,0.009303209923819056,0.01640429411601199,0.03628391371917723,0.01885870038818346,0.04089221166814004,True,True,stone,red_area,"[{'skill': 'SEARCH', 'target': 'stone'}, {'skill': 'APPROACH', 'target': 'stone'}, {'skill': 'REACH', 'target': 'stone'}, {'skill': 'GRASP', 'target': 'stone'}, {'skill': 'MOVE_TO', 'target': 'red_area'}, {'skill': 'PLACE', 'object': 'stone', 'target': 'red_area'}]",True,True,False,True,True,False,0,False,False,False,,False,False,REACH,Object remains too far from grasp centre,1.6643741000443697,5.098739400040358,11.77759089996107,17.251922699972056,1,1
11,stone,red_area,Put the stone in the red area.,direct,0.2797395529190024,-0.17352807843270054,0.03803800000000006,0.2643937810834488,0.20541832566585225,0.001,0.02504641851718755,-0.027079945556577785,-0.007379943095310353,-0.019837460418890954,True,True,0.2938638079078497,-0.1653404802303757,0.07444481849670415,0.2938638079078497,-0.1653404802303757,0.04,0.2797395529190024,-0.17352807843270054,0.03803800000000006,0.01412425498884734,0.008187598202324842,0.03640681849670409,0.01632578767817014,0.039899721507357,True,True,stone,red_area,"[{'skill': 'SEARCH', 'target': 'stone'}, {'skill': 'APPROACH', 'target': 'stone'}, {'skill': 'REACH', 'target': 'stone'}, {'skill': 'GRASP', 'target': 'stone'}, {'skill': 'MOVE_TO', 'target': 'red_area'}, {'skill': 'PLACE', 'object': 'stone', 'target': 'red_area'}]",True,True,False,True,True,False,0,False,False,False,,False,False,REACH,Object remains too far from grasp centre,1.37744259997271,3.3380731999641284,11.118103999993764,14.819363899994642,1,1
12,cylinder,red_area,Move the green one to the red area.,colour,0.3192974028345943,0.07854496012459322,0.049252562143988085,0.25140397987698127,0.20967008042129862,0.001,0.0102944511906366,0.037098966748444366,-0.02723588565038834,0.008076906062092583,True,True,0.33002241945879596,0.05052308539109068,0.07750734906153589,0.33002241945879596,0.05052308539109068,0.05,0.3192974028345943,0.07854496012457315,0.049252562143988085,0.010725016624201666,-0.02802187473348247,0.028254786917547806,0.030004190460140488,0.041213886360356944,True,True,cylinder,red_area,"[{'skill': 'SEARCH', 'target': 'cylinder'}, {'skill': 'APPROACH', 'target': 'cylinder'}, {'skill': 'REACH', 'target': 'cylinder'}, {'skill': 'GRASP', 'target': 'cylinder'}, {'skill': 'MOVE_TO', 'target': 'red_area'}, {'skill': 'PLACE', 'object': 'cylinder', 'target': 'red_area'}]",True,True,True,True,True,False,3,True,False,False,,False,False,GRASP_RECOVERY,Grasp of cylinder failed after 3 attempts. Last failure: No stable multi-finger capture detected,2.7872572999913245,3.54954389994964,43.74976059992332,47.81046700000297,2,1
13,stone,red_area,Can you put the rock on the red spot?,informal,0.2948174023072243,-0.18772537600988146,0.03803800000000006,0.2744871301782516,0.2110026100530412,0.001,0.016184992428726466,-0.028643828008721374,-0.020345049977369425,0.010025810385896755,True,True,0.3071883653184988,-0.1784349040445036,0.07520406246185307,0.3071883653184988,-0.1784349040445036,0.04,0.2948174023072243,-0.18772537600988146,0.03803800000000006,0.012370963011274494,0.009290471965377856,0.037166062461853014,0.015471056691958491,0.04025754331903716,True,True,stone,red_area,"[{'skill': 'SEARCH', 'target': 'stone'}, {'skill': 'APPROACH', 'target': 'stone'}, {'skill': 'REACH', 'target': 'stone'}, {'skill': 'GRASP', 'target': 'stone'}, {'skill': 'MOVE_TO', 'target': 'red_area'}, {'skill': 'PLACE', 'object': 'stone', 'target': 'red_area'}]",True,True,False,True,True,False,0,False,False,False,,False,False,REACH,Object remains too far from grasp centre,1.1552323999349028,4.922367500024848,11.265517199994065,16.686662600026466,1,1
14,cylinder,red_area,Take the green object and move it to the red zone.,paraphrase,0.2999404976622785,0.09169362969192023,0.049252562143988085,0.2576845157087803,0.1783570360317377,0.001,-0.03934125237700456,-0.03596562112533447,-0.006481855447023191,-0.00833464275184408,True,True,0.3129521685686697,0.06468735993997016,0.07858996329150064,0.3129521685686697,0.06468735993997016,0.05,0.2999404976622785,0.09169362969190227,0.049252562143988085,0.013011670906391215,-0.027006269751932113,0.029337401147512557,0.029977361219599548,0.04194431179290491,True,True,cylinder,red_area,"[{'skill': 'SEARCH', 'target': 'cylinder'}, {'skill': 'APPROACH', 'target': 'cylinder'}, {'skill': 'REACH', 'target': 'cylinder'}, {'skill': 'GRASP', 'target': 'cylinder'}, {'skill': 'MOVE_TO', 'target': 'red_area'}, {'skill': 'PLACE', 'object': 'cylinder', 'target': 'red_area'}]",True,True,True,True,True,True,1,False,True,True,0.02410436528193796,True,True,,,2.043569300090894,3.102026900043711,26.417341600055806,29.923050199984573,2,1
15,box,red_area,Can you put the blue block on the red spot?,informal,0.3408030935705357,-0.06557680355616112,0.02936282378312449,0.2544990014485004,0.18758397242151092,0.001,0.03601982582401168,-0.011448719672299452,-0.019308027029836042,0.016259413989734395,True,True,0.3492633482143993,-0.05817897321393156,0.059362936019897505,0.3492633482143993,-0.05817897321393156,0.03,0.3408030935705357,-0.06557680355616112,0.02936282378312449,0.00846025464386363,0.007397830342229558,0.030000112236773017,0.011238496447987533,0.03203608179272875,True,True,box,red_area,"[{'skill': 'SEARCH', 'target': 'box'}, {'skill': 'APPROACH', 'target': 'box'}, {'skill': 'REACH', 'target': 'box'}, {'skill': 'GRASP', 'target': 'box'}, {'skill': 'MOVE_TO', 'target': 'red_area'}, {'skill': 'PLACE', 'object': 'box', 'target': 'red_area'}]",True,True,True,True,True,True,1,False,True,True,0.010275836237134912,True,True,,,2.221195299993269,4.717759600025602,28.507959499955177,33.773998300079256,1,1
16,cylinder,red_area,Can you put the green thing on the red spot?,informal,0.28802781942706895,0.08541326354255036,0.049252562143988085,0.24456555213808548,0.19548007817769614,0.001,0.0022078474533800477,-0.005056647431557565,0.006131707940069439,0.017978743112902772,True,True,0.3032246725229548,0.060350258798214096,0.05972789589660549,0.3032246725229548,0.060350258798214096,0.05,0.28802781942706895,0.08541326354252919,0.049252562143988085,0.015196853095885865,-0.025063004744315096,0.010475333752617402,0.02931038298677615,0.03112605288275759,True,True,cylinder,red_area,"[{'skill': 'SEARCH', 'target': 'cylinder'}, {'skill': 'APPROACH', 'target': 'cylinder'}, {'skill': 'REACH', 'target': 'cylinder'}, {'skill': 'GRASP', 'target': 'cylinder'}, {'skill': 'MOVE_TO', 'target': 'red_area'}, {'skill': 'PLACE', 'object': 'cylinder', 'target': 'red_area'}]",True,True,True,True,True,False,3,True,False,False,,False,False,GRASP_RECOVERY,Unable to reach cylinder for grasp,3.1989498999901116,4.458664400037378,24.963339800015092,29.830246899975464,2,1
17,cylinder,red_area,Put the cylinder in the red area.,direct,0.29351465634038343,0.06800305520443777,0.049252562143988085,0.2264752193004762,0.1985449261826548,0.001,0.03085158711139712,0.031154190295494412,0.018715435998562166,-0.019097064926289087,True,True,0.3066716132057154,0.04164804733883662,0.07347935374929299,0.3066716132057154,0.04164804733883662,0.05,0.29351465634038343,0.06800305520442027,0.049252562143988085,0.01315695686533197,-0.026355007865583646,0.0242267916053049,0.029456611372511637,0.03813960389199203,True,True,cylinder,red_area,"[{'skill': 'SEARCH', 'target': 'cylinder'}, {'skill': 'APPROACH', 'target': 'cylinder'}, {'skill': 'REACH', 'target': 'cylinder'}, {'skill': 'GRASP', 'target': 'cylinder'}, {'skill': 'MOVE_TO', 'target': 'red_area'}, {'skill': 'PLACE', 'object': 'cylinder', 'target': 'red_area'}]",True,True,True,True,True,False,3,True,False,False,,False,False,GRASP_RECOVERY,Unable to reach cylinder for grasp,2.6300221000565216,3.6163102000718936,23.72048719995655,27.75863970001228,2,1
18,cylinder,red_area,Place the green cylinder on the red target.,paraphrase,0.28249478135098804,0.06840042299111494,0.049252562143988085,0.25421200753166856,0.1994523209683101,0.001,-0.01247857459127218,0.012614290748402895,0.02564137355399887,-0.009589275226859187,True,True,0.2925204002546314,0.04072266613770345,0.06984999424196203,0.2925204002546314,0.04072266613770345,0.05,0.28249478135098804,0.06840042299109814,0.049252562143988085,0.01002561890364334,-0.027677756853394686,0.020597432097973947,0.029437582421739855,0.0359280596173433,True,True,cylinder,red_area,"[{'skill': 'SEARCH', 'target': 'cylinder'}, {'skill': 'APPROACH', 'target': 'cylinder'}, {'skill': 'REACH', 'target': 'cylinder'}, {'skill': 'GRASP', 'target': 'cylinder'}, {'skill': 'MOVE_TO', 'target': 'red_area'}, {'skill': 'PLACE', 'object': 'cylinder', 'target': 'red_area'}]",True,True,True,True,True,False,3,True,False,False,,False,False,GRASP_RECOVERY,Unable to reach cylinder for grasp,2.5924959999974817,2.9813594000879675,24.922073399997316,28.367534000077285,2,1
19,box,red_area,Take the blue object and move it to the red zone.,paraphrase,0.29592825932729006,-0.07846880951135904,0.029362823783124485,0.2351552665407604,0.22006989522978052,0.001,-0.01425524115480779,0.02369260491977441,-0.021846775643006907,-0.0026626944703039314,True,True,0.2895731696431044,-0.08503955357101428,0.059362936019897505,0.2895731696431044,-0.08503955357101428,0.03,0.29592825932729006,-0.07846880951135904,0.029362823783124485,-0.006355089684185633,-0.0065707440596552424,0.03000011223677302,0.00914121668004524,0.0313618968911403,True,True,box,red_area,"[{'skill': 'SEARCH', 'target': 'box'}, {'skill': 'APPROACH', 'target': 'box'}, {'skill': 'REACH', 'target': 'box'}, {'skill': 'GRASP', 'target': 'box'}, {'skill': 'MOVE_TO', 'target': 'red_area'}, {'skill': 'PLACE', 'object': 'box', 'target': 'red_area'}]",True,True,True,True,True,True,1,False,True,True,0.004556680618460969,True,True,,,1.422060600016266,4.461392099969089,31.579773399978876,36.556477100006305,1,1
20,cylinder,red_area,Put the cylinder in the red area.,direct,0.29754863702199874,0.07221855001966736,0.049252562143988085,0.2575007775200377,0.2028739900676998,0.001,-0.034882771950067344,-0.0021475074635876473,0.000986092871916075,-0.014178058777864795,True,True,0.30978491245514955,0.044836340950595494,0.07335639379440895,0.30978491245514955,0.044836340950595494,0.05,0.29754863702199874,0.07221855001964914,0.049252562143988085,0.012236275433150812,-0.027382209069053642,0.024103831650420862,0.029991862395944896,0.03847735061317403,True,True,cylinder,red_area,"[{'skill': 'SEARCH', 'target': 'cylinder'}, {'skill': 'APPROACH', 'target': 'cylinder'}, {'skill': 'REACH', 'target': 'cylinder'}, {'skill': 'GRASP', 'target': 'cylinder'}, {'skill': 'MOVE_TO', 'target': 'red_area'}, {'skill': 'PLACE', 'object': 'cylinder', 'target': 'red_area'}]",True,True,True,True,True,False,3,True,False,False,,False,False,GRASP_RECOVERY,Unable to reach cylinder for grasp,2.5394602998858318,4.164954200037755,26.276649400009774,30.790183100034483,2,1
21,stone,red_area,Place the rock on the red target.,paraphrase,0.30265530823602205,-0.1651992245656217,0.03803800000000006,0.26572463153949205,0.1792569774718223,0.001,-0.0030539194484268326,0.0032409424690053867,-0.015726580141204094,0.008326055780084576,True,True,0.3145164202627575,-0.15350302956561565,0.07466011047363286,0.3145164202627575,-0.15350302956561565,0.04,0.30265530823602205,-0.1651992245656217,0.03803800000000006,0.011861112026735454,0.011696195000006043,0.0366221104736328,0.016657939728217736,0.04023264758292573,True,True,stone,red_area,"[{'skill': 'SEARCH', 'target': 'stone'}, {'skill': 'APPROACH', 'target': 'stone'}, {'skill': 'REACH', 'target': 'stone'}, {'skill': 'GRASP', 'target': 'stone'}, {'skill': 'MOVE_TO', 'target': 'red_area'}, {'skill': 'PLACE', 'object': 'stone', 'target': 'red_area'}]",True,True,False,True,True,False,0,False,False,False,,False,False,REACH,Object remains too far from grasp centre,2.3012719999533147,3.374562400043942,12.808463199995458,16.7112251999788,1,1
22,box,red_area,Move the blue box to the red area.,direct,0.3154189395810123,-0.09185658892315066,0.029362823783124485,0.25405956612929675,0.20275590395382173,0.001,0.0006850053738327658,0.024619915072880603,0.024447110511203934,0.010844684256981436,True,True,0.3059879687502105,-0.08653180803529664,0.059362936019897505,0.3059879687502105,-0.08653180803529664,0.03,0.3154189395810123,-0.09185658892315066,0.029362823783124485,-0.0094309708308018,0.005324780887854014,0.03000011223677302,0.010830350978388916,0.03189519143278604,True,True,box,red_area,"[{'skill': 'SEARCH', 'target': 'box'}, {'skill': 'APPROACH', 'target': 'box'}, {'skill': 'REACH', 'target': 'box'}, {'skill': 'GRASP', 'target': 'box'}, {'skill': 'MOVE_TO', 'target': 'red_area'}, {'skill': 'PLACE', 'object': 'box', 'target': 'red_area'}]",True,True,True,True,True,True,1,False,True,True,0.01206428982457219,True,True,,,1.3368631999474019,3.337162399897352,27.747186599997804,31.414736000006087,1,1
23,stone,red_area,Can you put the rock on the red spot?,informal,0.2569925144378469,-0.1961516694638072,0.03803800000000006,0.27433472541280945,0.1787143433166158,0.001,0.001930021257125894,0.019071319572238628,0.00290248973703576,-0.005665297012839169,True,True,0.27596495317598474,-0.1923683246566075,0.07237141132354741,0.27596495317598474,-0.1923683246566075,0.04,0.2569925144378469,-0.1961516694638072,0.03803800000000006,0.018972438738137865,0.00378334480719969,0.03433341132354735,0.019345984844472485,0.03940875870557773,True,True,stone,red_area,"[{'skill': 'SEARCH', 'target': 'stone'}, {'skill': 'APPROACH', 'target': 'stone'}, {'skill': 'REACH', 'target': 'stone'}, {'skill': 'GRASP', 'target': 'stone'}, {'skill': 'MOVE_TO', 'target': 'red_area'}, {'skill': 'PLACE', 'object': 'stone', 'target': 'red_area'}]",True,True,False,True,True,False,0,False,False,False,,False,False,REACH,Object remains too far from grasp centre,1.3727745999349281,3.145071699982509,11.668041400029324,15.29905570007395,1,1
24,stone,red_area,Move the grey one to the red area.,colour,0.26011331800036885,-0.1873374934355895,0.03803800000000006,0.27439959156544336,0.17571756624256463,0.001,-0.017922445761722177,-0.03399652913771844,0.009298559189549603,0.019831825835835263,True,True,0.27892349481113043,-0.1864492927639109,0.07242541313171391,0.27892349481113043,-0.1864492927639109,0.04,0.26011331800036885,-0.1873374934355895,0.03803800000000006,0.01881017681076158,0.0008882006716786073,0.034387413131713854,0.01883113517781876,0.0392059413096593,True,True,stone,red_area,"[{'skill': 'SEARCH', 'target': 'stone'}, {'skill': 'APPROACH', 'target': 'stone'}, {'skill': 'REACH', 'target': 'stone'}, {'skill': 'GRASP', 'target': 'stone'}, {'skill': 'MOVE_TO', 'target': 'red_area'}, {'skill': 'PLACE', 'object': 'stone', 'target': 'red_area'}]",True,True,False,True,True,False,0,False,False,False,,False,False,REACH,Object remains too far from grasp centre,1.5227933999849483,2.8099586999742314,11.84915310004726,15.177166600013152,1,1
